{
  "Workflows": [
    {
      "Path": null,
      "SortBy": 0,
      "VariablesSectionElementsOrder": [],
      "ArgumentsSectionElementsOrder": null,
      "ConstantsSectionElementsOrder": [],
      "AddedNamespaces": null
    },
    {
      "Path": "Main.xaml",
      "SortBy": 0,
      "VariablesSectionElementsOrder": [
        "DT_Export&Sequence_34",
        "Total&Sequence_35",
        "DT_New&Flowchart_1",
        "DT_Export&Sequence_27",
        "FilePath&Sequence_19",
        "DT_Table&Sequence_16",
        "days&Sequence_9",
        "Months&Sequence_11"
      ],
      "ArgumentsSectionElementsOrder": [],
      "ConstantsSectionElementsOrder": [],
      "AddedNamespaces": null
    }
  ]
}