{
  "Workflows": [
    {
      "Path": null,
      "SortBy": 0,
      "VariablesSectionElementsOrder": [],
      "ArgumentsSectionElementsOrder": null,
      "ConstantsSectionElementsOrder": [],
      "AddedNamespaces": null
    },
    {
      "Path": "Main.xaml",
      "SortBy": 0,
      "VariablesSectionElementsOrder": [
        "is_Folder&Sequence_26",
        "FilePath&Sequence_26",
        "DT_Destination&Flowchart_1",
        "isFirst&Sequence_18",
        "DT_Source&Sequence_21",
        "파일&Sequence_18",
        "NewSheet&Sequence_5",
        "ExtractDataTable&Sequence_4",
        "출원번호&Sequence_5"
      ],
      "ArgumentsSectionElementsOrder": [],
      "ConstantsSectionElementsOrder": [],
      "AddedNamespaces": null
    }
  ]
}